Feature Type,Accuracy,Time (s)
TF-IDF,0.6384906411788133,44.56393814086914
HashingTF,0.6502389486260454,30.80810523033142
Word2Vec,0.6297291915571486,36.79057598114014
